Date,Open,High,Low,Close,Adj Close,Volume,Ticker
2024-09-17,30558.34746819045,30517.024088732724,30264.680148659936,30549.38222061727,30549.38222061727,10465247874,BTC-USD
2024-09-18,30280.52482902497,30315.68668978328,30064.389383362242,30420.01869668643,30420.01869668643,6793311148,BTC-USD
2024-09-19,30292.619547407878,30377.162711322882,30221.556763219593,30344.441236836563,30344.441236836563,8099119616,BTC-USD
2024-09-20,30534.055112530354,30483.826338030216,30326.69656437654,30401.192925624466,30401.192925624466,8687844590,BTC-USD
2024-09-21,30343.886111217624,30484.64080922503,30092.91876886581,30403.4571540402,30403.4571540402,9161039505,BTC-USD
2024-09-22,30342.769384656214,30289.81101217581,30115.4733587865,30165.989224846493,30165.989224846493,10555394505,BTC-USD
2024-09-23,30031.80952007308,30410.881172181398,30140.09066435448,30170.09741829894,30170.09741829894,10856070700,BTC-USD
2024-09-24,29763.03800672454,29795.252992790924,29717.258697581572,29711.41516619233,29711.41516619233,7495197036,BTC-USD
2024-09-25,29774.586440470313,30248.510807165672,29941.591554269282,30052.61772243048,30052.61772243048,10702019909,BTC-USD
2024-09-26,30243.547161984658,30187.171833835237,30167.22096484279,30218.965523081242,30218.965523081242,8234108642,BTC-USD
2024-09-27,30033.244299648,30171.56504546597,29996.65550744544,30111.523626346294,30111.523626346294,12659402120,BTC-USD
2024-09-28,29990.082339078235,30161.2494652022,29788.257138267938,29968.24696660033,29968.24696660033,10375896807,BTC-USD
2024-09-29,30101.21724351218,30252.688206198494,30004.50737172669,29973.833984859648,29973.833984859648,10134859677,BTC-USD
2024-09-30,30151.163431447018,30048.927538820768,29941.854630995516,30072.70596283449,30072.70596283449,9640066878,BTC-USD
2024-10-01,29962.757913038946,30050.975068724194,29713.86592631731,30064.4525720567,30064.4525720567,9855343767,BTC-USD
2024-10-02,29705.545230880907,29734.052312321604,29548.865066183494,29625.76575509697,29625.76575509697,9908536744,BTC-USD
2024-10-03,29805.829016003987,29767.421449802052,29710.901625641083,29751.19011052764,29751.19011052764,8868249577,BTC-USD
2024-10-04,29821.056667505934,29829.54390949967,29540.856279822015,29837.840252718757,29837.840252718757,11024160285,BTC-USD
2024-10-05,29898.13402143842,29974.808105465178,29816.387210891702,29976.0639515894,29976.0639515894,10309117134,BTC-USD
2024-10-06,29488.351767810764,29849.39582072183,29319.92145587666,29474.529329202767,29474.529329202767,11028161873,BTC-USD
2024-10-07,29804.672128372895,30074.330230907704,29637.353338578232,29778.877779319595,29778.877779319595,9812543920,BTC-USD
2024-10-08,29988.05162138809,29939.10527630723,29911.525501729386,29885.91678610682,29885.91678610682,10924183555,BTC-USD
2024-10-09,29891.035340955834,29855.00051163046,29802.628353657423,29821.01285107389,29821.01285107389,8768541392,BTC-USD
2024-10-10,30329.726380271837,30389.664309631768,30212.11869214081,30197.457335175495,30197.457335175495,15250103638,BTC-USD
2024-10-11,30388.347428269462,30345.093037984898,30209.4132583529,30391.724190231347,30391.724190231347,8838956161,BTC-USD
2024-10-12,30039.13526054801,29986.343844110754,29789.78022151938,29906.084761573642,29906.084761573642,9235532996,BTC-USD
2024-10-13,29763.39153514759,29960.449833753264,29833.43108273094,29906.798699017934,29906.798699017934,11347639669,BTC-USD
2024-10-14,29282.464363434716,29400.040595893013,29229.2981470522,29309.63596522233,29309.63596522233,11753607437,BTC-USD
2024-10-15,29520.72445323491,29590.643288497733,29494.99480671188,29531.508029604334,29531.508029604334,8710553275,BTC-USD
2024-10-16,29379.652953974655,29644.931300786808,29263.92186339785,29582.507229471914,29582.507229471914,7409852284,BTC-USD
2024-10-17,29292.21253201421,29383.17451422729,29195.697738264524,29221.691612316255,29221.691612316255,7806817162,BTC-USD
2024-10-18,29467.09070356554,29539.15506307421,29459.165760773736,29480.90875346974,29480.90875346974,8413671513,BTC-USD
2024-10-19,29087.025438986537,29180.554671666356,29089.838987238636,29145.360749061438,29145.360749061438,8726458665,BTC-USD
2024-10-20,29275.26526186572,29440.73133232432,29226.921450285587,29322.923540437598,29322.923540437598,9656434422,BTC-USD
2024-10-21,28767.5176626052,28869.075154966227,28634.259500265725,28739.49592990423,28739.49592990423,11447625369,BTC-USD
2024-10-22,28599.71351400676,28581.189991757292,28494.963310038187,28495.52429332861,28495.52429332861,11522729577,BTC-USD
2024-10-23,28451.64751549669,28367.457098188686,28079.89901534587,28328.351093980757,28328.351093980757,8986095448,BTC-USD
2024-10-24,28598.13378917059,28810.233257752818,28632.16672895791,28686.835580451097,28686.835580451097,10711552725,BTC-USD
2024-10-25,29099.983876861308,29132.03811704156,28969.599491751647,29246.051552971603,29246.051552971603,11224815726,BTC-USD
2024-10-26,28901.1480259257,29014.28475449842,28842.65070331335,28980.048117913895,28980.048117913895,12007941994,BTC-USD
2024-10-27,29246.307323077515,29401.991137141904,29184.91275483094,29224.952115773223,29224.952115773223,9662679215,BTC-USD
2024-10-28,29255.078545174267,29323.280659077864,29130.164169683936,29117.51339628596,29117.51339628596,8786338361,BTC-USD
2024-10-29,29401.92653540961,29389.306988708173,29292.292841804552,29185.850506569877,29185.850506569877,11024822767,BTC-USD
2024-10-30,29065.74349431251,29198.595874818657,29115.189006102115,29122.674934429233,29122.674934429233,12173028805,BTC-USD
2024-10-31,28667.166488301686,28739.915819451067,28512.45010878171,28757.627213974964,28757.627213974964,9113735983,BTC-USD
2024-11-01,28339.740021698228,28357.974109833827,28144.970736192343,28157.74354780817,28157.74354780817,12822970098,BTC-USD
2024-11-02,28327.059718560453,28492.000837599622,28306.41125935206,28280.586032814448,28280.586032814448,12478301460,BTC-USD
2024-11-03,28973.12214168034,28996.034126550072,28887.47425430933,28802.43812872171,28802.43812872171,9505934762,BTC-USD
2024-11-04,28885.98732076903,29147.42894007409,28935.958233148194,29071.098807549217,29071.098807549217,7547294547,BTC-USD
2024-11-05,28943.299500343044,28848.39914791187,28721.492795409904,28782.02481194923,28782.02481194923,9004597722,BTC-USD
2024-11-06,29392.81448790259,29412.504653984615,29304.223700513412,29357.054631139687,29357.054631139687,9371556694,BTC-USD
2024-11-07,29407.083760981357,29414.517578713687,29267.932045525853,29300.80781934083,29300.80781934083,10696855793,BTC-USD
2024-11-08,29331.435742678706,29468.941445578315,29255.370637985205,29401.365481405923,29401.365481405923,7393548585,BTC-USD
2024-11-09,29445.686211111337,29517.05692012629,29406.464187867306,29408.44315060829,29408.44315060829,13545688982,BTC-USD
2024-11-10,29437.469626622307,29756.750846169107,29338.312347890223,29237.57066395021,29237.57066395021,13409867477,BTC-USD
2024-11-11,29369.072629917857,29427.765533671485,29160.56016341924,29354.23060797807,29354.23060797807,8813537565,BTC-USD
2024-11-12,28980.87648766834,29155.314354525068,28988.30899782272,29031.482129382443,29031.482129382443,7105941955,BTC-USD
2024-11-13,29097.189809726642,29150.04247360128,28988.947585916714,28947.96194428653,28947.96194428653,9644169780,BTC-USD
2024-11-14,29106.367418666392,29179.32088142635,29028.67500627619,29077.014819205295,29077.014819205295,10533797826,BTC-USD
2024-11-15,29500.887245109694,29523.062566090364,29335.32795409718,29354.641675409886,29354.641675409886,11916883271,BTC-USD
2024-11-16,29136.407342470313,29339.49757087324,29293.045444309486,29210.77945431643,29210.77945431643,10964733071,BTC-USD
2024-11-17,28710.69555248235,28996.65437102273,28698.490893049096,28800.341009059925,28800.341009059925,9593885118,BTC-USD
2024-11-18,28671.95283477243,28797.11755160486,28758.926226905234,28640.369881439103,28640.369881439103,6943826436,BTC-USD
2024-11-19,29165.468817129196,29302.311708659887,29171.959572759402,29240.476091184133,29240.476091184133,10661560866,BTC-USD
2024-11-20,28985.350432792657,29169.86153026447,29085.0069164883,29219.453829546244,29219.453829546244,11159688537,BTC-USD
2024-11-21,28946.356616819427,28988.163602160672,28841.22215433548,28801.17355704744,28801.17355704744,9429706405,BTC-USD
2024-11-22,28611.366686738493,28713.180598133902,28526.14449599186,28598.475566337038,28598.475566337038,10307008167,BTC-USD
2024-11-23,28320.902665990427,28354.26728908428,28338.628880374417,28455.23156147309,28455.23156147309,10199529735,BTC-USD
2024-11-24,28211.632960284507,28329.097832981828,28216.845962387713,28275.948177637965,28275.948177637965,9528996938,BTC-USD
2024-11-25,27983.709507972562,28028.73513139951,27869.770115977564,27929.674625719366,27929.674625719366,8159623489,BTC-USD
2024-11-26,28359.830641403223,28442.30878302192,28334.016347027038,28272.724796756993,28272.724796756993,10406806849,BTC-USD
2024-11-27,28301.332897396973,28343.308661393254,28219.047619735444,28289.141244249484,28289.141244249484,7766017075,BTC-USD
2024-11-28,28243.752763324235,28343.96696936147,28120.5862726779,28291.461397412277,28291.461397412277,11995466932,BTC-USD
2024-11-29,28713.578889667697,28699.271660817096,28609.137211200083,28712.15972006584,28712.15972006584,8544853845,BTC-USD
2024-11-30,28919.979214628343,29085.306656532608,29008.818427257967,28915.840379270507,28915.840379270507,10631103289,BTC-USD
2024-12-01,29084.23511920482,29035.501511871244,28978.120474553234,29070.44391330638,29070.44391330638,8796093068,BTC-USD
2024-12-02,28821.136105668666,29161.540012642377,29015.185846955854,29034.987197640963,29034.987197640963,10460296983,BTC-USD
2024-12-03,29203.538277828262,29512.86556901599,29151.012147677586,29302.437682039632,29302.437682039632,9574877736,BTC-USD
2024-12-04,29106.63319337276,29302.43181469873,29175.612803152522,29145.020696525455,29145.020696525455,10690021271,BTC-USD
2024-12-05,28821.492865494733,28822.44712755195,28730.542213200933,28654.475176043776,28654.475176043776,8704490609,BTC-USD
2024-12-06,28803.177542789916,28965.940071940015,28906.64766370157,28876.628396310345,28876.628396310345,7444831704,BTC-USD
2024-12-07,29291.32533458845,29239.76063667221,29128.212455656587,29069.228264677873,29069.228264677873,9468237534,BTC-USD
2024-12-08,29125.886606613138,29302.05109521226,29193.272429358345,29219.47969232348,29219.47969232348,9362531653,BTC-USD
2024-12-09,29180.844128207384,29145.782400082564,28977.898740423963,29070.39836575253,29070.39836575253,7633199515,BTC-USD
2024-12-10,29005.40103664671,29304.934677485737,28941.52537251704,29055.862481593074,29055.862481593074,8853931847,BTC-USD
2024-12-11,28824.325584410075,28893.997972757374,28731.578698691035,28838.155471118178,28838.155471118178,7378595740,BTC-USD
2024-12-12,28781.803132841946,28865.522468219235,28655.70851594669,28703.699093006464,28703.699093006464,10060450427,BTC-USD
2024-12-13,29246.567831838962,29084.12006076864,28976.198730669068,29035.05558692074,29035.05558692074,9327473031,BTC-USD
2024-12-14,29525.002852716054,29540.42034228361,29355.924982702138,29500.934845479904,29500.934845479904,9910191143,BTC-USD
2024-12-15,29442.24053101921,29697.828063814595,29605.23347123098,29711.81122907822,29711.81122907822,13792049838,BTC-USD
2024-12-16,29853.635241542248,29839.9204552654,29734.79791911175,29732.25155733851,29732.25155733851,10125564907,BTC-USD
2024-12-17,29945.796659787607,30155.485901571352,29788.154019381604,29917.213142619916,29917.213142619916,10448557758,BTC-USD
2024-12-18,29794.832169906647,30263.05364555513,29833.63474965482,29864.064815209957,29864.064815209957,10828896442,BTC-USD
2024-12-19,29966.116733983217,29942.532113012807,29648.982962789036,29921.824119764766,29921.824119764766,9679343574,BTC-USD
2024-12-20,29639.978208035314,29774.313270404287,29689.951726048494,29813.41483154522,29813.41483154522,9001368691,BTC-USD
2024-12-21,29737.39540088627,29723.46792480992,29682.119102979635,29490.441473839157,29490.441473839157,11205013298,BTC-USD
2024-12-22,30306.546134408334,30329.302909750015,30185.140454548728,30308.32451242555,30308.32451242555,11431560554,BTC-USD
2024-12-23,30453.274698635625,30667.562638302334,30505.072950401092,30461.090813805455,30461.090813805455,5512905969,BTC-USD
2024-12-24,30471.422492881382,30532.737958773883,30303.880976808283,30233.386572278425,30233.386572278425,9644098994,BTC-USD
2024-12-25,30219.907466683504,30388.63344972792,30130.423757124114,30326.728337507182,30326.728337507182,9377531696,BTC-USD
2024-12-26,30100.807689390695,30214.604610283724,29998.017072416547,30078.352298235037,30078.352298235037,9039881349,BTC-USD
2024-12-27,30135.320488102818,30190.706652461056,30166.312596967,30208.65328048977,30208.65328048977,11749051918,BTC-USD
2024-12-28,30262.37887580341,30377.33281026273,30270.386517774376,30167.71011124625,30167.71011124625,9083745484,BTC-USD
2024-12-29,30070.04298333192,29927.697027954735,29892.49660599814,30087.183097088073,30087.183097088073,11180792110,BTC-USD
2024-12-30,30046.75906634615,30066.6002842799,29955.676008104863,30046.648644266024,30046.648644266024,9070385537,BTC-USD
2024-12-31,29808.437645829985,29960.89999769558,29870.211763115647,29867.98014957995,29867.98014957995,9272976501,BTC-USD
2025-01-01,30242.72931894975,30266.303626571935,30132.37617941406,30374.041989358553,30374.041989358553,10976947186,BTC-USD
2025-01-02,30229.777655652928,30365.933470271528,30159.267313315177,30343.50128005972,30343.50128005972,8776819873,BTC-USD
2025-01-03,30722.870260657117,30743.632008624354,30716.714043071664,30787.381335402926,30787.381335402926,9641072733,BTC-USD
2025-01-04,30619.173565568697,30747.74810461249,30411.991236227437,30699.27734277853,30699.27734277853,8228572605,BTC-USD
2025-01-05,30541.02209437686,30632.625006202077,30467.704177526484,30368.495581451625,30368.495581451625,8555422887,BTC-USD
2025-01-06,30615.880510016064,30751.055891226206,30554.463389474775,30742.722126370518,30742.722126370518,10966425380,BTC-USD
2025-01-07,30829.605970699544,31014.583227056486,30793.846105699657,30845.377809049663,30845.377809049663,10759979219,BTC-USD
2025-01-08,31050.569583534365,31065.158996748953,30924.39045508482,31037.472330641944,31037.472330641944,8167012680,BTC-USD
2025-01-09,30790.840977154672,30825.203846031458,30705.406652329828,30780.07791898381,30780.07791898381,8107100841,BTC-USD
2025-01-10,30702.341190434723,30880.579673719934,30565.493326856562,30694.993185579566,30694.993185579566,13701581287,BTC-USD
2025-01-11,30752.866711460978,30866.032969225656,30530.242402639335,30782.971228282247,30782.971228282247,8917791576,BTC-USD
2025-01-12,30655.127429452026,30677.892964065926,30445.236030333293,30711.30107013314,30711.30107013314,8575002233,BTC-USD
2025-01-13,30588.545205463764,30607.637308582667,30404.237179810036,30484.8976771929,30484.8976771929,10649378973,BTC-USD
2025-01-14,31011.48656535331,30976.870512011585,30691.30606740562,30964.710827400213,30964.710827400213,8717639344,BTC-USD
2025-01-15,30769.139106857518,30904.704132726492,30762.102271646618,30699.068786994398,30699.068786994398,9333161303,BTC-USD
2025-01-16,30621.850654824375,30684.30868101499,30584.98341817457,30520.694170075658,30520.694170075658,11220023883,BTC-USD
2025-01-17,30655.821919321686,30792.242598213496,30594.471637132156,30683.32560955429,30683.32560955429,11377536070,BTC-USD
2025-01-18,30730.75700316278,30846.80564102026,30748.893744550554,30837.684117238325,30837.684117238325,9584813226,BTC-USD
2025-01-19,30790.24464645559,30807.564177977805,30734.799886759247,31088.474071837492,31088.474071837492,11892361873,BTC-USD
2025-01-20,31034.763264301873,31058.175257673385,30977.263451615145,31005.39450047878,31005.39450047878,9664477228,BTC-USD
2025-01-21,31182.876209171496,31198.28811894763,30875.48058410475,31094.694974527407,31094.694974527407,9520240138,BTC-USD
2025-01-22,31172.208169877904,31319.58839667648,31155.537522743416,31191.91223296724,31191.91223296724,9870652674,BTC-USD
2025-01-23,31329.886675308582,31497.62563911161,31416.02782863635,31516.784991113072,31516.784991113072,9419603487,BTC-USD
2025-01-24,31540.782293865224,31680.292284872277,31397.65556035213,31566.14356727398,31566.14356727398,10669750774,BTC-USD
2025-01-25,31340.957579950486,31441.66561458793,31103.594362777563,31263.05916260494,31263.05916260494,10303432396,BTC-USD
2025-01-26,31298.147078163554,31400.85706297889,31182.163290063832,31345.592100079455,31345.592100079455,8717628555,BTC-USD
2025-01-27,31146.797118956878,31153.576992735165,31089.899502035365,31132.072675605952,31132.072675605952,10149801950,BTC-USD
2025-01-28,31243.67596393443,31340.7997465702,31132.39958224045,31251.939121349766,31251.939121349766,9067388534,BTC-USD
2025-01-29,30969.291818790065,30948.93278624003,30892.707686229707,30757.001675345757,30757.001675345757,9013469276,BTC-USD
2025-01-30,30526.302903703665,30641.775159913246,30336.0573477941,30334.437441470393,30334.437441470393,9670786855,BTC-USD
2025-01-31,30444.12099495723,30706.012907105578,30308.19918032127,30528.60114804961,30528.60114804961,11406893883,BTC-USD
2025-02-01,30226.363425207313,30204.074661572096,30006.76427963618,30002.668447978853,30002.668447978853,10294095619,BTC-USD
2025-02-02,29618.486748410593,29696.365198092855,29413.307149893753,29689.910412049372,29689.910412049372,11781299169,BTC-USD
2025-02-03,29758.85677299409,29854.74260353667,29679.211604060456,29779.113379190363,29779.113379190363,12222600264,BTC-USD
2025-02-04,29723.145768115424,29634.082395701043,29572.0176501247,29585.953517197337,29585.953517197337,9828613855,BTC-USD
2025-02-05,29726.874003669644,29854.189392014774,29621.513260829903,29726.77059117961,29726.77059117961,8972123854,BTC-USD
2025-02-06,29472.325864942763,29601.24973308343,29478.58673387107,29586.857351450093,29586.857351450093,8698965317,BTC-USD
2025-02-07,29404.36001047432,29442.71684478833,29216.462822986505,29320.917764482696,29320.917764482696,10297410859,BTC-USD
2025-02-08,29054.253770716554,28995.449114267583,28862.908507227265,28941.7440235152,28941.7440235152,11178432322,BTC-USD
2025-02-09,28936.75247320701,28950.673278188817,28806.946394116363,28843.763737159097,28843.763737159097,12253855488,BTC-USD
2025-02-10,28792.945492589846,28990.685930908534,28717.862988116343,29011.518844703358,29011.518844703358,7919942222,BTC-USD
2025-02-11,28598.96981849216,28725.13884607861,28404.506954250428,28662.255340579628,28662.255340579628,11265499658,BTC-USD
2025-02-12,28482.38659282461,28721.97354158583,28462.23000419129,28549.998335338314,28549.998335338314,11487630342,BTC-USD
2025-02-13,28061.006728148153,28308.957203536953,28018.77860599743,28148.384079239942,28148.384079239942,13537068784,BTC-USD
2025-02-14,28243.023152118738,28150.561688301113,28050.55721364274,28062.4175704155,28062.4175704155,10164455149,BTC-USD
2025-02-15,27642.742506525952,27797.63104626672,27528.338531538884,27690.35595864737,27690.35595864737,9836778934,BTC-USD
2025-02-16,27585.291428646397,27779.532328782145,27569.456001744256,27603.994030957823,27603.994030957823,7607247772,BTC-USD
2025-02-17,27762.59120064106,27926.14024869311,27762.64889966695,27873.757587363532,27873.757587363532,8719287868,BTC-USD
2025-02-18,28220.04297218054,28111.356656123196,27984.577906387098,27997.84603860997,27997.84603860997,8231326507,BTC-USD
2025-02-19,28569.90145337657,28653.563846951096,28309.31698360694,28310.607157341656,28310.607157341656,8372863120,BTC-USD
2025-02-20,28081.145680396872,28311.735572826783,27964.500351197676,28065.747080763784,28065.747080763784,8539599540,BTC-USD
2025-02-21,28296.610166052564,28389.946688569482,28210.77901926841,28355.999090712372,28355.999090712372,7589828226,BTC-USD
2025-02-22,28642.66656090405,28695.740457423683,28392.956150832142,28798.53578158766,28798.53578158766,9751285607,BTC-USD
2025-02-23,28917.247155453177,28883.90073674766,28787.584039696496,28929.000476388468,28929.000476388468,10470070797,BTC-USD
2025-02-24,28485.799585466553,28788.708925356143,28569.18059567086,28536.353262223947,28536.353262223947,11033723461,BTC-USD
2025-02-25,28789.89070939582,28876.465136198512,28636.965883053945,28700.064382519544,28700.064382519544,9749494078,BTC-USD
2025-02-26,29165.159825944458,29241.14024768848,29091.134475200666,29106.526586181717,29106.526586181717,11478147584,BTC-USD
2025-02-27,28753.400728333145,28838.934880552908,28725.320737825117,28793.34339259041,28793.34339259041,11493421525,BTC-USD
2025-02-28,28896.142654512474,28945.2833968616,28910.318317497848,28855.583960826145,28855.583960826145,7619257747,BTC-USD
2025-03-01,29268.794755354276,29269.02790331902,29141.777889192053,29073.917182820896,29073.917182820896,9486956983,BTC-USD
2025-03-02,29171.967398520796,29061.97736650615,28880.649543229683,29066.85968628215,29066.85968628215,8023385265,BTC-USD
2025-03-03,29188.86896167246,29290.2947921767,29051.506634315483,29192.688967426566,29192.688967426566,8429243991,BTC-USD
2025-03-04,28953.864558325393,29060.535073772357,28757.5867624384,28895.651582745973,28895.651582745973,10174119805,BTC-USD
2025-03-05,28641.138159320053,28727.338779541522,28394.90266435288,28733.958909150097,28733.958909150097,9710636132,BTC-USD
2025-03-06,28541.297619661505,28644.014626210315,28457.86224599391,28664.655293965494,28664.655293965494,12094550567,BTC-USD
2025-03-07,28615.878750614378,28713.653783513793,28484.850424111268,28559.432151407775,28559.432151407775,12970847419,BTC-USD
2025-03-08,28408.279177321096,28532.113237778187,28440.03121796141,28497.048748450372,28497.048748450372,10531117901,BTC-USD
2025-03-09,28724.817661315257,28888.97976983366,28749.423064851882,28835.14427739175,28835.14427739175,9614619172,BTC-USD
2025-03-10,28594.04457847681,28569.376865991257,28436.851405848054,28399.432127479286,28399.432127479286,9684281607,BTC-USD
2025-03-11,28357.249729688214,28558.838645975437,28407.5462058172,28558.252457551094,28558.252457551094,9886660392,BTC-USD
2025-03-12,28708.31889147857,28753.97966560842,28672.9439551068,28676.265999937208,28676.265999937208,10763414817,BTC-USD
2025-03-13,28926.48097718078,28991.92704214539,28844.992899271943,28813.089334282075,28813.089334282075,8804594390,BTC-USD
2025-03-14,28412.019979977635,28720.59619818284,28368.455991755196,28556.06146160244,28556.06146160244,10781734473,BTC-USD
2025-03-15,28681.833494016493,28937.67497576177,28679.61106438239,28847.35375989242,28847.35375989242,9541377408,BTC-USD
2025-03-16,28598.348353071666,28634.52741194266,28411.705634625923,28534.32438664367,28534.32438664367,11495044891,BTC-USD
2025-03-17,28761.53942904982,28711.58187613304,28561.994497080228,28766.50670543728,28766.50670543728,11952875252,BTC-USD
2025-03-18,28663.179119295324,28785.06504038033,28745.287044136247,28795.703807035567,28795.703807035567,12515721458,BTC-USD
2025-03-19,29159.068586783178,29123.65334117641,28974.003245455893,28959.03481618009,28959.03481618009,9676724512,BTC-USD
2025-03-20,29123.90174181959,29121.173547024973,29053.188701658764,29172.746778750465,29172.746778750465,7886773120,BTC-USD
2025-03-21,28731.743952162204,28731.959042298033,28629.378505781293,28569.89954166273,28569.89954166273,7385258343,BTC-USD
2025-03-22,28386.588972475176,28400.691526508504,28145.40755367523,28175.91651414236,28175.91651414236,9474880323,BTC-USD
2025-03-23,28503.58319836324,28484.04525178238,28438.468583916132,28413.00394168864,28413.00394168864,7788670894,BTC-USD
2025-03-24,28450.60071846878,28511.43229828954,28394.87300229614,28353.574199552313,28353.574199552313,7445404045,BTC-USD
2025-03-25,28557.079834148914,28831.824302396184,28675.95057522628,28743.59972036888,28743.59972036888,9387238952,BTC-USD
2025-03-26,28656.58413735193,28838.449195783844,28672.199751872933,28706.04417317925,28706.04417317925,8438859493,BTC-USD
2025-03-27,28496.903946888844,28645.615269716047,28351.28800050041,28696.80680278555,28696.80680278555,10951158069,BTC-USD
2025-03-28,28820.08985271426,29080.968192307635,28689.33406481589,28865.62650505689,28865.62650505689,12825364647,BTC-USD
2025-03-29,28720.740282408042,28780.721071220538,28609.486832867948,28588.597257612368,28588.597257612368,9580270816,BTC-USD
2025-03-30,27990.249105884075,28167.960404763093,28045.180323136094,28066.165649333703,28066.165649333703,10390583298,BTC-USD
2025-03-31,28623.274585337494,28777.29901827796,28570.55201418275,28667.09929658559,28667.09929658559,7556214891,BTC-USD
2025-04-01,28065.485453004883,28251.09919212788,28053.848076016606,28008.813576382272,28008.813576382272,10194869010,BTC-USD
2025-04-02,28205.670957399896,28352.34438271158,28326.205563957035,28156.147792373988,28156.147792373988,8872386766,BTC-USD
2025-04-03,28683.152667823164,28734.601705160523,28514.46587031964,28494.21590818143,28494.21590818143,8275922729,BTC-USD
2025-04-04,28609.649180175616,28903.063942253608,28579.801836210532,28652.13966195746,28652.13966195746,7133118222,BTC-USD
2025-04-05,28311.729564487614,28237.931906988197,28157.679364816573,28195.25029350453,28195.25029350453,12325482277,BTC-USD
2025-04-06,28529.400953179695,28542.024672131254,28415.687076104557,28436.40964990489,28436.40964990489,7506353685,BTC-USD
2025-04-07,28000.57347339536,28153.247674601644,28058.438677988834,28057.171474442206,28057.171474442206,8114154196,BTC-USD
2025-04-08,27590.003399271376,27850.367267737616,27649.29528047466,27564.171671170803,27564.171671170803,9942289691,BTC-USD
2025-04-09,27813.567956127517,27720.93089902556,27441.00344314097,27621.945408579057,27621.945408579057,10361881854,BTC-USD
2025-04-10,27812.685234369095,27885.309599245164,27719.38329536178,27703.07896503991,27703.07896503991,10368691448,BTC-USD
2025-04-11,27828.551732678665,28009.397158913704,27811.12486834995,27986.917546630124,27986.917546630124,10093662820,BTC-USD
2025-04-12,28178.101252908255,28132.304434329777,28014.17865392624,28122.107819183006,28122.107819183006,8593198631,BTC-USD
2025-04-13,28022.816197411023,28167.48581182739,27941.544245367444,28004.707390500447,28004.707390500447,11084442745,BTC-USD
2025-04-14,27915.13888789226,28057.116603873765,27964.887413961875,28000.757886149906,28000.757886149906,10223296521,BTC-USD
2025-04-15,27656.89303630948,27749.517934461463,27533.48113751933,27710.38991102768,27710.38991102768,7757332434,BTC-USD
2025-04-16,27618.256339332314,27684.688808202558,27483.568694995916,27623.943966228187,27623.943966228187,12338777385,BTC-USD
2025-04-17,27759.54855853465,27907.18979254815,27625.502297702136,27781.465714148697,27781.465714148697,9423610271,BTC-USD
2025-04-18,27739.116225981325,27696.094686686578,27548.135217629366,27631.54850857152,27631.54850857152,11359608922,BTC-USD
2025-04-19,27769.26301492967,27883.043545309352,27664.771934956952,27690.706083790956,27690.706083790956,7755742882,BTC-USD
2025-04-20,27626.769489801572,27668.496357402804,27565.818902209947,27681.537367566674,27681.537367566674,8154068935,BTC-USD
2025-04-21,27554.174235222017,27565.910644039646,27451.583318630997,27621.82732226795,27621.82732226795,9079457892,BTC-USD
2025-04-22,27540.95156378577,27743.536426592054,27501.629410055346,27596.835306850076,27596.835306850076,8902868744,BTC-USD
2025-04-23,27554.73617159152,27575.040639239127,27257.94335609288,27450.059335099548,27450.059335099548,11460164671,BTC-USD
2025-04-24,27595.299243737245,27767.02501200484,27599.785192427385,27664.26474505085,27664.26474505085,7506516215,BTC-USD
2025-04-25,27651.99768588221,27696.049781501784,27443.627084875287,27624.657899739275,27624.657899739275,10189228887,BTC-USD
2025-04-26,28002.471302437192,28161.56574969254,28030.155025777087,28125.71133055044,28125.71133055044,8421894796,BTC-USD
2025-04-27,28160.0138131219,28180.868997399168,27964.994158080088,27991.451691936523,27991.451691936523,10718810150,BTC-USD
2025-04-28,27871.762071228986,28181.738141647056,27861.174334631272,27994.500825188392,27994.500825188392,10255816488,BTC-USD
2025-04-29,27739.396027650222,27793.066547287137,27713.556452539786,27883.440374787526,27883.440374787526,9118160406,BTC-USD
2025-04-30,27657.56911488098,27731.83620178497,27671.319562928515,27790.72202797535,27790.72202797535,13279627182,BTC-USD
2025-05-01,27926.623453465305,28029.35001181501,27712.713581401757,28019.518129241067,28019.518129241067,9877915125,BTC-USD
2025-05-02,27774.108635245582,27759.09302998432,27639.660546094678,27652.68169645742,27652.68169645742,11591183888,BTC-USD
2025-05-03,27570.997963570167,27793.886052615257,27611.231829993147,27647.25337489236,27647.25337489236,7955323939,BTC-USD
2025-05-04,27864.904864090102,27967.170478151555,27814.03132316995,27878.614652294575,27878.614652294575,9761585704,BTC-USD
2025-05-05,27709.516355399173,27966.49699161826,27790.40687982952,27894.592777667316,27894.592777667316,10081459877,BTC-USD
2025-05-06,27832.611210722353,27788.242145244363,27675.089607840106,27703.584802993963,27703.584802993963,10157120738,BTC-USD
2025-05-07,27928.090559173557,28004.093672361298,27870.29268619179,28044.607769062342,28044.607769062342,9433221252,BTC-USD
2025-05-08,27861.674494932082,28216.313703660515,27849.896581320118,27943.754630061558,27943.754630061558,8707198516,BTC-USD
2025-05-09,28030.783527575593,28120.550912912946,27951.809244074342,28195.749511317405,28195.749511317405,5310633811,BTC-USD
2025-05-10,28484.692178499547,28382.600134304135,28359.32752994576,28457.2554962152,28457.2554962152,9099741592,BTC-USD
2025-05-11,28785.119766478878,28802.90812518227,28583.375488023394,28576.851390938067,28576.851390938067,8576051043,BTC-USD
2025-05-12,28680.96345411008,28803.627990407032,28441.904996120535,28625.951710744954,28625.951710744954,9569536400,BTC-USD
2025-05-13,28385.208698281145,28661.65473799462,28370.723478091903,28430.036199108126,28430.036199108126,11242687150,BTC-USD
2025-05-14,28506.851839759907,28574.607111295434,28436.916368014587,28600.53622604364,28600.53622604364,13281410419,BTC-USD
2025-05-15,28616.617299799615,28627.033972168214,28439.174773574865,28442.83203627421,28442.83203627421,10754180337,BTC-USD
2025-05-16,27952.345110573362,28146.08638711424,27918.022209945448,28035.761158770678,28035.761158770678,11482851445,BTC-USD
2025-05-17,28302.936449537032,28500.384400317955,28322.661507116256,28373.369390600976,28373.369390600976,10903441600,BTC-USD
2025-05-18,28258.24458122545,28368.801137547107,28188.938343304522,28114.241096803264,28114.241096803264,11051024283,BTC-USD
2025-05-19,28425.521343436892,28717.65818275734,28477.741525990907,28368.223957540722,28368.223957540722,10847109133,BTC-USD
2025-05-20,28321.915736067036,28252.682028887026,28190.053928682762,28235.649435726893,28235.649435726893,9569968135,BTC-USD
2025-05-21,28597.923402329572,28682.463507256965,28433.64084344223,28537.355685457587,28537.355685457587,9477548419,BTC-USD
2025-05-22,28436.37348081865,28427.48801679917,28394.695143519784,28481.661732388107,28481.661732388107,10463106828,BTC-USD
2025-05-23,28419.859073201376,28488.58698584907,28245.360966170087,28391.56510330381,28391.56510330381,12667509798,BTC-USD
2025-05-24,28104.835548666837,28136.328382010073,27895.61709952883,27921.457186353073,27921.457186353073,11144228487,BTC-USD
2025-05-25,28102.221923361307,28056.114784717534,27860.127965907504,28007.654220342043,28007.654220342043,12387537748,BTC-USD
2025-05-26,27923.366126041088,27979.047948307434,27905.898706464046,27863.90307365859,27863.90307365859,8030540991,BTC-USD
2025-05-27,27850.334321511116,27893.268943567073,27837.025764831815,27859.23258740193,27859.23258740193,10374021035,BTC-USD
2025-05-28,27905.3225283808,28063.034181693514,27940.324407316075,27946.50271376042,27946.50271376042,10576180869,BTC-USD
2025-05-29,28088.89895721597,28023.039819697482,27931.192850176583,28030.1996120293,28030.1996120293,10760727558,BTC-USD
2025-05-30,28205.063100020085,28255.185067917282,27964.035995793605,28132.51060591972,28132.51060591972,7918985280,BTC-USD
2025-05-31,28009.652214198617,28216.55402434825,27960.620020582886,28039.5996177542,28039.5996177542,7214646596,BTC-USD
2025-06-01,27858.712997832514,27976.60129760845,27689.923801742298,27702.27230384857,27702.27230384857,6794530947,BTC-USD
2025-06-02,27877.387369588017,28041.640796733926,27713.451412407998,28046.953475869763,28046.953475869763,9383450727,BTC-USD
2025-06-03,28099.13260428323,28099.605283323664,27839.00016971318,27952.61928894141,27952.61928894141,13500987472,BTC-USD
2025-06-04,28423.99212035586,28424.212529326815,28319.606092403203,28274.583181514034,28274.583181514034,10311007216,BTC-USD
2025-06-05,28488.69277198887,28637.379094922144,28495.25543977599,28454.778797622464,28454.778797622464,8168371384,BTC-USD
2025-06-06,28041.795358936746,28152.108692176953,27955.863269040536,28054.256489184652,28054.256489184652,10494849289,BTC-USD
2025-06-07,28173.826417115837,28358.985189838502,27997.470888581513,28164.989582274266,28164.989582274266,9534364106,BTC-USD
2025-06-08,28468.256599934546,28737.88901971355,28485.499994845082,28614.33200245771,28614.33200245771,10244208956,BTC-USD
2025-06-09,28572.03874583244,28609.33273180637,28576.174976721628,28594.88690574641,28594.88690574641,9310884958,BTC-USD
2025-06-10,28488.699366541616,28461.23082755274,28384.942410136347,28478.063158213907,28478.063158213907,8047169049,BTC-USD
2025-06-11,28532.527851758554,28672.780842471817,28470.479018659473,28481.806807483543,28481.806807483543,9193231458,BTC-USD
2025-06-12,28274.216441766166,28420.41223916684,28327.860706814972,28397.4198550809,28397.4198550809,11063293373,BTC-USD
2025-06-13,28467.6958097517,28634.92813642627,28481.768893997756,28660.46164540479,28660.46164540479,10449908036,BTC-USD
2025-06-14,28662.682540862483,28685.501021822838,28453.626430257806,28557.98027966497,28557.98027966497,11828115171,BTC-USD
2025-06-15,28826.995255940565,28976.433596092167,28798.96882755834,28932.512808809162,28932.512808809162,8390832365,BTC-USD
2025-06-16,29092.016864892114,29200.033590275852,28896.700613651672,28870.549440800136,28870.549440800136,11573292233,BTC-USD
2025-06-17,28902.52504973647,28876.94968921586,28841.545380453546,28893.286901374402,28893.286901374402,10094888706,BTC-USD
2025-06-18,28977.361376351597,29126.849604998675,28912.925259734562,29023.748550609558,29023.748550609558,10296092640,BTC-USD
2025-06-19,29157.371102600024,29263.961260808894,29051.723729290105,29340.131468473806,29340.131468473806,11879781134,BTC-USD
2025-06-20,29111.848282309813,29201.127630712337,29014.743119856503,28874.79277371925,28874.79277371925,9816298465,BTC-USD
2025-06-21,28917.67596624849,29111.710634292267,28890.56433119861,28990.32373472209,28990.32373472209,10397899609,BTC-USD
2025-06-22,28398.206546955087,28518.257182023764,28361.0617715331,28401.97494042417,28401.97494042417,10977980913,BTC-USD
2025-06-23,28646.604469467125,28693.986573678638,28514.324675328236,28644.217063793294,28644.217063793294,10993070316,BTC-USD
2025-06-24,28433.832839204777,28559.891548486958,28403.579694946828,28440.057639727806,28440.057639727806,11244764810,BTC-USD
2025-06-25,27942.443974135535,28003.366864738873,27946.978447430673,27976.447567063133,27976.447567063133,11964097245,BTC-USD
2025-06-26,27493.72928415428,27520.237201425614,27499.579573556504,27573.50635202694,27573.50635202694,10824961320,BTC-USD
2025-06-27,27363.825599630738,27537.380486396745,27313.460248694108,27465.085040013782,27465.085040013782,9373220307,BTC-USD
2025-06-28,27637.583537393333,27670.99776941347,27606.975310410795,27628.12727594394,27628.12727594394,13708527749,BTC-USD
2025-06-29,27579.584053182847,27633.146739307416,27560.67477129503,27612.24996127197,27612.24996127197,9992689943,BTC-USD
2025-06-30,27602.573992902693,27905.088422273777,27587.3489343802,27716.123836498748,27716.123836498748,10608539470,BTC-USD
2025-07-01,27446.114426171807,27543.485579848108,27238.009663076897,27474.927990759625,27474.927990759625,8924152162,BTC-USD
2025-07-02,27115.156061780606,27159.713665699182,26981.338531633846,27078.90914285101,27078.90914285101,6772606306,BTC-USD
2025-07-03,27310.83055020045,27552.65550804488,27253.62949231739,27198.420938596984,27198.420938596984,8881024769,BTC-USD
2025-07-04,27317.323546889267,27494.486810030194,27352.329795766465,27589.13695526041,27589.13695526041,10146362441,BTC-USD
2025-07-05,27536.716971728245,27559.417450587385,27298.61785675913,27332.366314550272,27332.366314550272,10846472145,BTC-USD
2025-07-06,27849.839669538535,27867.95600316523,27745.185285339747,27783.87482344274,27783.87482344274,10093027995,BTC-USD
2025-07-07,27609.396523602045,27792.13902114251,27507.150756806266,27451.067804076283,27451.067804076283,11243744144,BTC-USD
2025-07-08,27478.276872284187,27722.245740857517,27436.005099007703,27427.385763987928,27427.385763987928,11539074335,BTC-USD
2025-07-09,27608.334778806202,27845.001471816428,27605.898842377952,27629.598460094287,27629.598460094287,11535142414,BTC-USD
2025-07-10,28178.162607914797,28294.792722731607,28123.825132056452,28162.73619141891,28162.73619141891,10060796748,BTC-USD
2025-07-11,28096.228544230467,28364.81424929038,28151.020468696508,28100.93382601484,28100.93382601484,10180111666,BTC-USD
2025-07-12,28765.319071285096,28632.61541295913,28533.489809110717,28484.282260389547,28484.282260389547,9734433678,BTC-USD
2025-07-13,28398.04087113448,28471.169261356714,28333.384400565148,28462.05451060666,28462.05451060666,8746221295,BTC-USD
2025-07-14,28575.534211985072,28675.938435897646,28311.503001740333,28626.422077604493,28626.422077604493,12197304037,BTC-USD
2025-07-15,28354.472289401743,28522.36707489988,28275.331745752952,28503.86012804606,28503.86012804606,8195639237,BTC-USD
2025-07-16,27987.239408836896,28095.29352917025,28052.782680650413,28087.756179570097,28087.756179570097,9950924576,BTC-USD
2025-07-17,28103.184179823696,28229.259012785904,28117.876476457644,28059.232007904557,28059.232007904557,10399076358,BTC-USD
2025-07-18,28435.49179017936,28558.273366102254,28095.684536351157,28369.889269952044,28369.889269952044,6850864523,BTC-USD
2025-07-19,28386.034840054348,28474.554278797583,28265.682898454103,28375.128745319224,28375.128745319224,11174732284,BTC-USD
2025-07-20,28347.66240497293,28350.219105339485,28273.53746406707,28269.638390024622,28269.638390024622,9534948518,BTC-USD
2025-07-21,28524.52181040247,28710.16269438348,28541.335495823172,28741.879004976523,28741.879004976523,10396786225,BTC-USD
2025-07-22,28450.924358753735,28369.190238334857,28267.386160376995,28354.155677638333,28354.155677638333,9564296678,BTC-USD
2025-07-23,27911.92117818079,28004.206140657883,27893.246932795333,28011.237638273822,28011.237638273822,7759687667,BTC-USD
2025-07-24,27951.738431940365,28034.754576672287,27767.84331880348,27779.62071012703,27779.62071012703,10356131091,BTC-USD
2025-07-25,27672.644371438062,27529.202863301627,27363.937335416504,27480.992521955253,27480.992521955253,10219868036,BTC-USD
2025-07-26,27926.01712910535,27983.826956523615,27798.007533351603,27874.319635894193,27874.319635894193,11557902632,BTC-USD
2025-07-27,28016.41868981582,27942.359819207064,27929.88063148976,27964.859616153106,27964.859616153106,10774531097,BTC-USD
2025-07-28,27620.418022935708,27777.12783836769,27542.222931574808,27745.747588697126,27745.747588697126,7538095358,BTC-USD
2025-07-29,27774.183917975224,27648.795036491374,27460.881859732555,27482.902336228417,27482.902336228417,11714735356,BTC-USD
2025-07-30,28300.397019891938,28405.737243265477,28273.693025347344,28220.76626554515,28220.76626554515,11257286567,BTC-USD
2025-07-31,28210.42896650362,28249.679600353873,27979.697638752008,28125.209751599312,28125.209751599312,11212593062,BTC-USD
2025-08-01,27871.28625781101,27982.15575815305,27790.466994337967,27787.77348827847,27787.77348827847,10792033029,BTC-USD
2025-08-02,28010.81656190612,28092.411961515823,27916.73070278,28095.929313640292,28095.929313640292,9006317563,BTC-USD
2025-08-03,28080.63146372991,28535.61794020818,28007.58864176511,28197.16738049256,28197.16738049256,10863430826,BTC-USD
2025-08-04,28211.811909289223,28236.89551717057,28157.610729978212,28230.454601746813,28230.454601746813,9518010130,BTC-USD
2025-08-05,28005.081536118352,28079.340578383046,27885.237486395807,27942.924613029663,27942.924613029663,14386462080,BTC-USD
2025-08-06,27734.512474427178,27848.63405625134,27622.135963731667,27775.827317528867,27775.827317528867,9709162434,BTC-USD
2025-08-07,27974.75012152048,27944.425489462625,27752.57269602843,27837.333118514496,27837.333118514496,8400559925,BTC-USD
2025-08-08,27888.0020040522,27926.698512463186,27706.47649270402,27997.587889167982,27997.587889167982,9554154620,BTC-USD
2025-08-09,27458.67500077893,27492.325385018932,27434.284055773125,27466.65391106697,27466.65391106697,12224648277,BTC-USD
2025-08-10,27735.010217757914,27832.47744613191,27674.754560199264,27608.633228103412,27608.633228103412,9209480774,BTC-USD
2025-08-11,28086.591244416708,28066.725241944983,27789.912903946508,27979.939530730946,27979.939530730946,6399310785,BTC-USD
2025-08-12,27819.195155804413,27879.06575265162,27825.541466991755,27819.26227983056,27819.26227983056,12268280526,BTC-USD
2025-08-13,27895.511018724428,27911.54388903662,27771.636136347974,27754.715782204865,27754.715782204865,10556082842,BTC-USD
2025-08-14,27701.41806155025,27890.545309996534,27773.33668702571,27834.894684833394,27834.894684833394,9320982669,BTC-USD
2025-08-15,27616.343571874397,27873.129343024746,27563.972418340578,27671.9947488243,27671.9947488243,11137074936,BTC-USD
2025-08-16,27382.329114000586,27394.62828910346,27217.971649806906,27365.48176525615,27365.48176525615,8680770404,BTC-USD
2025-08-17,27417.23492046075,27489.716134040646,27381.585984154284,27486.895121164966,27486.895121164966,8305371646,BTC-USD
2025-08-18,27310.93366086862,27097.231458352864,27006.912499430706,27102.42765405435,27102.42765405435,11493664204,BTC-USD
2025-08-19,27374.38503714942,27231.11906853244,27027.17127014689,27105.76782442987,27105.76782442987,9291462793,BTC-USD
2025-08-20,26686.195654486033,26944.984312571523,26515.63600672519,26695.28152377981,26695.28152377981,10861726243,BTC-USD
2025-08-21,26697.2582528428,26986.562827815673,26629.964927726156,26713.995386935465,26713.995386935465,10083428756,BTC-USD
2025-08-22,26737.64960733422,26869.439861595587,26728.92974890443,26773.411784970656,26773.411784970656,11315459107,BTC-USD
2025-08-23,27333.890768461108,27261.649288319004,27011.288413997514,27259.638983137578,27259.638983137578,10227913497,BTC-USD
2025-08-24,27019.516388307275,26963.937768122665,26877.875156996997,27068.065436430436,27068.065436430436,6991424865,BTC-USD
2025-08-25,26601.028575298875,26743.318227424006,26475.406062906255,26462.57969738929,26462.57969738929,11086678689,BTC-USD
2025-08-26,26300.145284277132,26435.931986552892,26407.91046660685,26415.090514010317,26415.090514010317,9353085357,BTC-USD
2025-08-27,26064.825129147946,26287.573269312532,25992.37135411643,26109.46691232996,26109.46691232996,11388815650,BTC-USD
2025-08-28,25770.230494963722,26056.054991037257,25981.247078880708,25948.14248439553,25948.14248439553,10233828041,BTC-USD
2025-08-29,25967.33695024904,26194.12685275405,25807.889366546955,26096.533711918182,26096.533711918182,12200241994,BTC-USD
2025-08-30,26317.412762118536,26430.073691817935,26201.19843565588,26258.622054370193,26258.622054370193,9592696189,BTC-USD
2025-08-31,26761.37478289981,26957.7178048391,26505.285502328803,26672.007816177244,26672.007816177244,6978535078,BTC-USD
2025-09-01,26409.779184033323,26589.89084558409,26396.671356092742,26457.407450378338,26457.407450378338,9583145167,BTC-USD
2025-09-02,27182.401480043765,27280.413486220597,27034.35747908096,27200.436348530966,27200.436348530966,10835481899,BTC-USD
2025-09-03,27799.43235024508,27725.885444883155,27448.881278688237,27748.746539076834,27748.746539076834,9550327515,BTC-USD
2025-09-04,27631.53589711507,27777.156060381265,27468.086512526254,27744.108040430885,27744.108040430885,9361604523,BTC-USD
2025-09-05,27021.125121834582,27072.397239476984,26926.979455067743,26998.503206727546,26998.503206727546,12274219072,BTC-USD
2025-09-06,27073.8228230414,27204.54113150657,26951.155177942408,26935.458049715497,26935.458049715497,9834968867,BTC-USD
2025-09-07,27085.22472184235,27265.884859921392,27036.239269973223,27016.912848417553,27016.912848417553,11642804733,BTC-USD
2025-09-08,26474.663664113898,26527.25684531527,26427.739701304243,26396.28262080019,26396.28262080019,10285161682,BTC-USD
2025-09-09,26443.84344092742,26716.02037131033,26308.62706651128,26563.89733509111,26563.89733509111,7892809057,BTC-USD
2025-09-10,26402.692468280162,26449.22928162663,26414.434145416737,26365.959098859526,26365.959098859526,8650630219,BTC-USD
2025-09-11,26247.444200850896,26344.718492120468,26123.080774891318,26241.011757324402,26241.011757324402,9590992151,BTC-USD
2025-09-12,26352.934307582567,26545.594299717126,26282.68116709547,26284.24719654715,26284.24719654715,10522920843,BTC-USD
2025-09-13,26754.866577235764,26696.93054490848,26631.645275681563,26615.097723879677,26615.097723879677,8844653540,BTC-USD
2025-09-14,26598.112067007485,26685.348873967832,26451.93279062804,26536.829034629853,26536.829034629853,7939766883,BTC-USD
2025-09-15,26671.059669126375,26594.245183745632,26476.55805492293,26701.236388496072,26701.236388496072,8538147130,BTC-USD
2025-09-16,26582.565015099677,26568.640861178726,26256.53290722027,26359.760626859636,26359.760626859636,9276970712,BTC-USD
